Source,Predator scientific name,Prey scientific name,duration,duration1,duration_notes,units,locale,country,country_notes
Alexander et al 2014 BIOL LETT,Micropterus salmoides,Hyperolius marmoratus,NA,NA,NA,NA,NA,NA,NA
Alexander et al 2014 BIOL LETT,Clarias gariepinus,Hyperolius marmoratus,NA,NA,NA,NA,NA,NA,NA
Alexander et al 2014 BIOL LETT,Sandelia capensis,Hyperolius marmoratus,NA,NA,NA,NA,NA,NA,NA
Alexander et al 2014 BIOL LETT,Glossogobius callidus,Hyperolius marmoratus,NA,NA,NA,NA,NA,NA,NA
Townsend and Risebrow 1982 OEC,Abramis brama,Daphnia magna,NA,NA,NA,NA,NA,NA,NA
Koski and Johnson 2002,Oncorhynchus nerka,Daphnia spp.,NA,NA,NA,NA,NA,NA,NA
Moss and Beauchamp 2007 J FISH BIOL,Oncorhynchus gorbuscha,Tisbe spp.,NA,NA,NA,NA,NA,NA,NA
Moss and Beauchamp 2007 J FISH BIOL,Oncorhynchus keta,Tisbe spp.,NA,NA,NA,NA,NA,NA,NA
Moss and Beauchamp 2007 J FISH BIOL,Oncorhynchus gorbuscha,(Americamysis bahia) Mysidopsis bahia,NA,NA,NA,NA,NA,NA,NA
Moss and Beauchamp 2007 J FISH BIOL,Oncorhynchus keta,(Americamysis bahia) Mysidopsis bahia,NA,NA,NA,NA,NA,NA,NA
Soluk 1993 ECOLOGY,Cottus bairdi,Baetis tricaudatus,NA,NA,NA,NA,NA,NA,NA
Soluk 1993 ECOLOGY,Cottus bairdi,Ephemerella subvaria,NA,NA,NA,NA,NA,NA,NA
Miller et al 1992 CAN J FISH AQUAT SCI,Alosa pseudoharengus,Artemia spp.,NA,NA,NA,NA,NA,NA,NA
Miller et al 1992 CAN J FISH AQUAT SCI,Perca flavescens,Artemia spp.,NA,NA,NA,NA,NA,NA,NA
Miller et al 1992 CAN J FISH AQUAT SCI,Coregonus hoyi,Artemia spp.,NA,NA,NA,NA,NA,NA,NA
Moustahfid et al 2010 OEC,Squalus acanthias,Clupea harengus,NA,NA,NA,NA,NA,NA,NA
Moustahfid et al 2010 OEC,Squalus acanthias,Merluccius bilinearis,NA,NA,NA,NA,NA,NA,NA
Moustahfid et al 2010 OEC,Squalus acanthias,Scomber scombrus,NA,NA,NA,NA,NA,NA,NA
Moustahfid et al 2010 OEC,Squalus acanthias,Doryteuthis pealeii,NA,NA,NA,NA,NA,NA,NA
Moustahfid et al 2010 OEC,Pollachius virens,Clupea harengus,NA,NA,NA,NA,NA,NA,NA
Moustahfid et al 2010 OEC,Pollachius virens,Merluccius bilinearis,NA,NA,NA,NA,NA,NA,NA
Moustahfid et al 2010 OEC,Merluccius bilinearis,Clupea harengus,NA,NA,NA,NA,NA,NA,NA
Moustahfid et al 2010 OEC,Merluccius bilinearis,Merluccius bilinearis,NA,NA,NA,NA,NA,NA,NA
Moustahfid et al 2010 OEC,Merluccius bilinearis,Scomber scombrus,NA,NA,NA,NA,NA,NA,NA
Moustahfid et al 2010 OEC,Gadus morhua,Clupea harengus,NA,NA,NA,NA,NA,NA,NA
Moustahfid et al 2010 OEC,Gadus morhua,Merluccius bilinearis,NA,NA,NA,NA,NA,NA,NA
Moustahfid et al 2010 OEC,Gadus morhua,Scomber scombrus,NA,NA,NA,NA,NA,NA,NA
Moustahfid et al 2010 OEC,Urophycis tenuis,Clupea harengus,NA,NA,NA,NA,NA,NA,NA
Moustahfid et al 2010 OEC,Urophycis tenuis,Merluccius bilinearis,NA,NA,NA,NA,NA,NA,NA
Moustahfid et al 2010 OEC,Lophius americanus,Clupea harengus,NA,NA,NA,NA,NA,NA,NA
Moustahfid et al 2010 OEC,Lophius americanus,Scomber scombrus,NA,NA,NA,NA,NA,NA,NA
Moustahfid et al 2010 OEC,Lophius americanus,Doryteuthis pealeii,NA,NA,NA,NA,NA,NA,NA
Moustahfid et al 2010 OEC,Leucoraja ocellata,Clupea harengus,NA,NA,NA,NA,NA,NA,NA
Gustafsson et al 2010 ECOL FRE FISH,Salmo trutta,Musca domestica,NA,NA,NA,NA,NA,NA,NA
Gustafsson et al 2010 ECOL FRE FISH,Salmo trutta,Gammarus spp.,NA,NA,NA,NA,NA,NA,NA
O'Brien et al 2001 CAN J FISH AQUAT RES,Thymallus arcticus,Daphnia middendorffiana,NA,NA,NA,NA,NA,NA,NA
Buckel and Stoner 2000 J EXP MAR BIO ECOL,Pomatomus saltatrix,Menidia menidia,NA,NA,NA,NA,NA,NA,NA
Buckel and Stoner 2000 J EXP MAR BIO ECOL,Pomatomus saltatrix,Morone saxatilis,NA,NA,NA,NA,NA,NA,NA
Anderson 2001 ECOLOGY,Paralabrax clathratus,Brachyistius frenatus,NA,NA,NA,NA,NA,NA,NA
Persson 1986 J ANIM ECOL,Rutilus rutilus,Chaoborus obscuripe,NA,NA,NA,NA,NA,NA,NA
Persson 1986 J ANIM ECOL,Perca fluviatilis,Chaoborus obscuripe,NA,NA,NA,NA,NA,NA,NA
Harborne 2012 CORAL REEFS,Cephalopholis cruentata,Halichoeres pictus,NA,NA,NA,NA,NA,NA,NA
Galarowicz & Wahl 2005 CAN J FISH AQUAT SCI,Sander vitreus,Daphnia spp.,NA,NA,NA,NA,NA,NA,NA
Galarowicz & Wahl 2005 CAN J FISH AQUAT SCI,Sander vitreus,Cyprinus carpio,NA,NA,NA,NA,NA,NA,NA
Galarowicz & Wahl 2005 CAN J FISH AQUAT SCI,Sander vitreus,Chironomidae,NA,NA,NA,NA,NA,NA,NA
Galarowicz & Wahl 2005 CAN J FISH AQUAT SCI,Sander vitreus,Lepomis macrochirus,NA,NA,NA,NA,NA,NA,NA
Morales-Ventura et al 2004 J APPL ICHTHYOL,Chirostoma riojai,Brachionus rotundiformis,NA,NA,NA,NA,NA,NA,NA
Morales-Ventura et al 2004 J APPL ICHTHYOL,Chirostoma riojai,Brachionus rubens,NA,NA,NA,NA,NA,NA,NA
Morales-Ventura et al 2004 J APPL ICHTHYOL,Chirostoma riojai,Ceriodaphnia dubia,NA,NA,NA,NA,NA,NA,NA
Morales-Ventura et al 2004 J APPL ICHTHYOL,Chirostoma riojai,Moina macrocopa,NA,NA,NA,NA,NA,NA,NA
Alanis et al 2009 BRAZ ARCH BIOL & TECH,Moenkhausia sanctaefilomenae,Brachionus calyciflorus,NA,NA,NA,NA,NA,NA,NA
Alanis et al 2009 BRAZ ARCH BIOL & TECH,Moenkhausia sanctaefilomenae,Brachionus havanaensis,NA,NA,NA,NA,NA,NA,NA
Alanis et al 2009 BRAZ ARCH BIOL & TECH,Moenkhausia sanctaefilomenae,Brachionus patulus,NA,NA,NA,NA,NA,NA,NA
Alanis et al 2009 BRAZ ARCH BIOL & TECH,Moenkhausia sanctaefilomenae,Brachionus rubens,NA,NA,NA,NA,NA,NA,NA
Ware 1972 J FISHERIES RES BOARD CANADA,Oncorhynchus mykiss,Crangonyx richmondensis,NA,NA,NA,NA,NA,NA,NA
Ryer et al 2002 CJFAS,Gadus chalcogrammus,Artemia spp.,NA,NA,NA,NA,NA,NA,NA
Ryer et al 2002 CJFAS,Anoplopoma fimbria,Artemia spp.,NA,NA,NA,NA,NA,NA,NA
Murray et al 2013 ETHOLOGY,Rutilus rutilus,NA,NA,NA,NA,NA,NA,NA,NA
Murdoch et al 1975 ECOLOGY,Poecilia reticulata,Drosophila spp.,NA,NA,NA,NA,NA,NA,NA
Murdoch et al 1975 ECOLOGY,Poecilia reticulata,Tubifex spp.,NA,NA,NA,NA,NA,NA,NA
Winkler and Orellana 1992 ENVIRMTAL BIOL OF FISHES,Alburnus chalcoides,Cyclops spp.,NA,NA,NA,NA,NA,NA,NA
Winkler and Orellana 1992 ENVIRMTAL BIOL OF FISHES,Alburnus chalcoides,Daphnia hyalina,NA,NA,NA,NA,NA,NA,NA
Winkler and Orellana 1992 ENVIRMTAL BIOL OF FISHES,Alburnus chalcoides,Bythotrephes longimanus,NA,NA,NA,NA,NA,NA,NA
Winkler and Orellana 1992 ENVIRMTAL BIOL OF FISHES,Alburnus chalcoides,Leptodora kindtii,NA,NA,NA,NA,NA,NA,NA
Winkler and Orellana 1992 ENVIRMTAL BIOL OF FISHES,Vimba vimba,Cyclops spp.,NA,NA,NA,NA,NA,NA,NA
Winkler and Orellana 1992 ENVIRMTAL BIOL OF FISHES,Vimba vimba,Bythotrephes longimanus,NA,NA,NA,NA,NA,NA,NA
Winkler and Orellana 1992 ENVIRMTAL BIOL OF FISHES,Vimba vimba,Leptodora kindtii,NA,NA,NA,NA,NA,NA,NA
Winkler and Orellana 1992 ENVIRMTAL BIOL OF FISHES,Abramis brama,Cyclops spp.,NA,NA,NA,NA,NA,NA,NA
Winkler and Orellana 1992 ENVIRMTAL BIOL OF FISHES,Abramis brama,Bythotrephes longimanus,NA,NA,NA,NA,NA,NA,NA
Winkler and Orellana 1992 ENVIRMTAL BIOL OF FISHES,Abramis brama,Leptodora kindtii,NA,NA,NA,NA,NA,NA,NA
Winkler and Orellana 1992 ENVIRMTAL BIOL OF FISHES,Rutilus rutilus,Cyclops spp.,NA,NA,NA,NA,NA,NA,NA
Winkler and Orellana 1992 ENVIRMTAL BIOL OF FISHES,Rutilus rutilus,Bythotrephes longimanus,NA,NA,NA,NA,NA,NA,NA
Winkler and Orellana 1992 ENVIRMTAL BIOL OF FISHES,Scardinius erythrophthalmus,Bythotrephes longimanus,NA,NA,NA,NA,NA,NA,NA
Bryan et al 1995 CANADIAN J OF FISHERIES AND AQUA SCIES,Lepomis macrochirus,Daphnia pulex and D. magna,NA,NA,NA,NA,NA,NA,NA
Sandheinrich and Atchison 1989 CJFAS,Lepomis macrochirus,Daphnia pulex,NA,NA,NA,NA,NA,NA,NA
Sandheinrich and Atchison 1989 CJFAS,Lepomis macrochirus,Daphnia magna,NA,NA,NA,NA,NA,NA,NA
Sandheinrich and Atchison 1989 CJFAS,Lepomis macrochirus,Hyalella azteca,NA,NA,NA,NA,NA,NA,NA
Sandheinrich and Atchison 1989 CJFAS,Lepomis macrochirus,Enallagma spp.,NA,NA,NA,NA,NA,NA,NA
Houde and Schekter 1980 ENVIRMTAL BIOL OF FISHES,Anchoa mitchilli,"Oithona nana, Acartia tonsa, and Paracalanus parvus",NA,NA,NA,NA,NA,NA,NA
Houde and Schekter 1980 ENVIRMTAL BIOL OF FISHES,Archosargus rhomboidalis,"Oithona nana, Acartia tonsa, and Paracalanus parvus",NA,NA,NA,NA,NA,NA,NA
Houde and Schekter 1980 ENVIRMTAL BIOL OF FISHES,Achirus lineatus,"Oithona nana, Acartia tonsa, and Paracalanus parvus",NA,NA,NA,NA,NA,NA,NA
Barnhisel and Kerfoot 2004 J OF GREAT LAKES RSRCH,Salvelinus namaycush,Daphnia pulicaria,NA,NA,NA,NA,NA,NA,NA
Barnhisel and Kerfoot 2004 J OF GREAT LAKES RSRCH,Salvelinus namaycush,Bythotrephes cederstroemi,NA,NA,NA,NA,NA,NA,NA
Ware 1972 J FISH RES BOARD CAN,Oncorhynchus mykiss,Crangonyx richmondensis,NA,NA,NA,NA,NA,NA,NA
Ware 1972 J FISH RES BOARD CAN,Oncorhynchus mykiss,Hyalella azteca,NA,NA,NA,NA,NA,NA,NA
Letcher et al 1997 CJFAS,Perca fluviatilis,Artemia spp.,NA,NA,NA,NA,NA,NA,NA
Letcher et al 1997 CJFAS,Coregonus hoyi,Artemia spp.,NA,NA,NA,NA,NA,NA,NA
Letcher et al 1997 CJFAS,Alosa pseudoharengus,Artemia spp.,NA,NA,NA,NA,NA,NA,NA
Czesny et al 2001 CANADIAN JOURNAL OF ZOOLOGY,Sander vitreus,Cyprinus carpio,NA,NA,NA,NA,NA,NA,NA
Munk and Ki?rboe 1985 MARINE ECOLOGY PROGRESS SERIES,Clupea harengus,Acartia tonsa,NA,NA,NA,NA,NA,NA,NA
Cowan et al 2016 CORAL REEFS,Acanthochromis polyacanthus,Acanthaster spp.,NA,NA,NA,NA,NA,NA,NA
Cowan et al 2016 CORAL REEFS,Abudefduf sexfasciatus,Acanthaster spp.,NA,NA,NA,NA,NA,NA,NA
Cowan et al 2016 CORAL REEFS,Chromis atripectoralis,Acanthaster spp.,NA,NA,NA,NA,NA,NA,NA
Cowan et al 2016 CORAL REEFS,Chromis viridis,Acanthaster spp.,NA,NA,NA,NA,NA,NA,NA
Cowan et al 2016 CORAL REEFS,Chrysiptera rollandi,Acanthaster spp.,NA,NA,NA,NA,NA,NA,NA
Cowan et al 2016 CORAL REEFS,Dascyllus aruanus,Acanthaster spp.,NA,NA,NA,NA,NA,NA,NA
Cowan et al 2016 CORAL REEFS,Dascyllus reticulatus,Acanthaster spp.,NA,NA,NA,NA,NA,NA,NA
Cowan et al 2016 CORAL REEFS,Neopomacentrus azysron,Acanthaster spp.,NA,NA,NA,NA,NA,NA,NA
Cowan et al 2016 CORAL REEFS,Pomacentrus moluccensis,Acanthaster spp.,NA,NA,NA,NA,NA,NA,NA
Cowan et al 2016 CORAL REEFS,Amblyglyphidodon curacao,Acanthaster spp.,NA,NA,NA,NA,NA,NA,NA
Cowan et al 2016 CORAL REEFS,Pomacentrus amboinensis,Acanthaster spp.,NA,NA,NA,NA,NA,NA,NA
Fitzsimons et al 2006 J OF GREAT LAKES RSRCH,Neogobius melanostomus,Salvelinus namaycush,NA,NA,NA,NA,NA,NA,NA
Fitzsimons et al 2006 J OF GREAT LAKES RSRCH,Cottus cognatus,Salvelinus namaycush,NA,NA,NA,NA,NA,NA,NA
Hyatt 1980 PHD THESIS UNIVERSITY OF BRITISH COLUMBIA,Oncorhynchus mykiss,Daphnia pulex,NA,NA,NA,NA,NA,NA,NA
Hyatt 1980 PHD THESIS UNIVERSITY OF BRITISH COLUMBIA,Oncorhynchus nerka,Daphnia pulex,NA,NA,NA,NA,NA,NA,NA
De Figueiredo et al 2007 J OF THE MARINE BIOL ASSOC OF THE UK,Platichthys flesus,Euplotes sp.,NA,NA,NA,NA,NA,NA,NA
Wright et al 1993 ENVIRONMENTAL BIOL OF FISHES,Paralichthys lethostigma,Leiostomus xanthurus,NA,NA,NA,NA,NA,NA,NA
Barrios-O'Neill et al 2014 J OF ANIMAL ECOL,Gasterosteus aculeatus,Daphnia magna,NA,NA,NA,NA,NA,NA,NA
Munk 1995 MARINE BIOLOGY,Gadus morhua,Acartia tonsa,NA,NA,NA,NA,NA,NA,NA
Wasserman et al 2016 FUNCTIONAL ECOLOGY,Lepomis macrochirus,Oreochromis mossambicus,NA,NA,NA,NA,NA,NA,NA
Wasserman et al 2016 FUNCTIONAL ECOLOGY,Pseudocrenilabrus philander,Oreochromis mossambicus,NA,NA,NA,NA,NA,NA,NA
Wasserman et al 2016 FUNCTIONAL ECOLOGY,Tilapia sparrmanii,Oreochromis mossambicus,NA,NA,NA,NA,NA,NA,NA
Oyugi et al 2012 J OF THERMAL BIOLOGY,Cyprinus carpio,,NA,NA,NA,NA,NA,NA,NA
De Villemereuil and L?pez-Sepulcre 2011 ECOL MOD,Poecilia reticulata,,NA,NA,NA,NA,NA,NA,NA
De Villemereuil and L?pez-Sepulcre 2011 ECOL MOD,Anablepsoides hartii,,NA,NA,NA,NA,NA,NA,NA
Kroetz and Powers 2015 ENV BIOL FISHES,Sphyrna tiburo,Farfantepenaeus aztecus,NA,NA,NA,NA,NA,NA,NA
Gibson and Ezzi 1992 J OF FISH BIOLOGY,Clupea harengus,Calanus finmarchicus,NA,NA,NA,NA,NA,NA,NA
Gibson and Ezzi 1992 J OF FISH BIOLOGY,Clupea harengus,Artemia spp.,NA,NA,NA,NA,NA,NA,NA
Murray et al 2016 HYDROBIOLOGIA,Rutilus rutilus,,NA,NA,NA,NA,NA,NA,NA
Vollset and Bailey 2011 J OF FISH BIOLOGY,Gasterosteus aculeatus,Artemia spp.,NA,NA,NA,NA,NA,NA,NA
Alexander et al 2015 ENVIRONMENTAL BIOLOGY OF FISHES,Micropterus salmoides,Poecilia reticulata,NA,NA,NA,NA,NA,NA,NA
Ohlberger et al 2008 CJFAS,Coregonus albula,Daphnia magna,NA,NA,NA,NA,NA,NA,NA
Ohlberger et al 2008 CJFAS,Coregonus fontanae,Daphnia magna,NA,NA,NA,NA,NA,NA,NA
Persson and Greenberg 1990 ECOLOGY,Perca fluviatilis,Daphnia spp. ,NA,NA,NA,NA,NA,NA,NA
Hedgespeth et al 2014 AQUATIC TOXICOLOGY,Perca fluviatilis,Daphnia magna,NA,NA,NA,NA,NA,NA,NA
Bergman 1987 ENVIRONMENTAL BIOLOGY OF FISHES,Perca fluviatilis,Chaoborus obscuripes,NA,NA,NA,NA,NA,NA,NA
Bergman 1987 ENVIRONMENTAL BIOLOGY OF FISHES,Gymnocephalus cernua,Chaoborus obscuripes,NA,NA,NA,NA,NA,NA,NA
Wellington et al 2010 J OF FISH BIOLOGY,Perca flavescens,,NA,NA,NA,NA,NA,NA,NA
Ljunggren and Sandstr?m 2007 J OF FISH BIOLOGY,Perca fluviatilis,Neomysis integer,NA,NA,NA,NA,NA,NA,NA
Ljunggren and Sandstr?m 2007 J OF FISH BIOLOGY,Sander lucioperca,Neomysis integer,NA,NA,NA,NA,NA,NA,NA
Hjelm and Johansson 2003 PRSLB,Rutilus rutilus,,NA,NA,NA,NA,NA,NA,NA
Johansson and Leonardsson 1998 CAN J OF ZOOL,Gambusia affinis,Daphnia pulex,NA,NA,NA,NA,NA,NA,NA
Johansson 1987 OECOLOGIA,Rutilus rutilus,Daphnia magna,NA,NA,NA,NA,NA,NA,NA
Johansson 1987 OECOLOGIA,Scardinius erythrophthalmus,Daphnia magna,NA,NA,NA,NA,NA,NA,NA
Johansson 1987 OECOLOGIA,Rutilus rutilus,Cyclops sp.,NA,NA,NA,NA,NA,NA,NA
Johansson 1987 OECOLOGIA,Scardinius erythrophthalmus,Cyclops sp.,NA,NA,NA,NA,NA,NA,NA
Johnson 2006 ECOLOGY,Sebastes paucispinus,"Sebastes atrovirens, S. carnatus, S. chrysomelas",NA,NA,NA,NA,NA,NA,NA
S?rnes and Aksnes 2004 LIMNOLOGY AND OCEANOGRAPHY,Gobiusculus flavescens,Artemia sp.,NA,NA,NA,NA,NA,NA,NA
Bergman 1988 J OF ANIMAL ECOLOGY,Perca fluviatilis,Daphnia magna,NA,NA,NA,NA,NA,NA,NA
Bergman 1988 J OF ANIMAL ECOLOGY,Gymnocephalus cernua,Daphnia magna,NA,NA,NA,NA,NA,NA,NA
Bergman 1988 J OF ANIMAL ECOLOGY,Perca fluviatilis,Chaoborus obscuripes,NA,NA,NA,NA,NA,NA,NA
Bergman 1988 J OF ANIMAL ECOLOGY,Gymnocephalus cernua,Chaoborus obscuripes,NA,NA,NA,NA,NA,NA,NA
Anderson et al 1978 J ANIM ECOL,Danio rerio,Daphnia magna,NA,NA,NA,NA,NA,NA,NA
Gulbrandsen 1991 AQUACULTURE,Hippoglossus hippoglossus,Brachionus plicatilis,NA,NA,NA,NA,NA,NA,NA
Lyon et al 2018 FOOD WEBS,Hogna baltimoriana,Acheta domesticus,NA,NA,NA,NA,NA,NA,NA
Lyon et al 2018 FOOD WEBS,Hogna baltimoriana,Caelifera,NA,NA,NA,NA,NA,NA,NA
Walker and Rypstra 2002 CAN J ZOOL,Tigrosa helluo (Hogna helluo),Acheta domesticus,NA,NA,NA,NA,NA,NA,NA
Walker and Rypstra 2002 CAN J ZOOL,Pardosa milvina,Acheta domesticus,NA,NA,NA,NA,NA,NA,NA
"Denno, Gratton, Dobel, Finke 2003 Ecology",Pardosa littoralis,Prokelisia marginata,NA,NA,NA,NA,NA,NA,NA
"Denno, Gratton, Dobel, Finke 2003 Ecology",Pardosa littoralis,Prokelisia dolus,NA,NA,NA,NA,NA,NA,NA
"Denno, Gratton, Dobel, Finke 2003 Ecology",Pardosa littoralis,Delphacodes penedetecta,NA,NA,NA,NA,NA,NA,NA
"Denno, Gratton, Dobel, Finke 2003 Ecology",Pardosa littoralis,Sanctanus aestuarium,NA,NA,NA,NA,NA,NA,NA
"Denno, Gratton, Dobel, Finke 2003 Ecology",Pardosa littoralis,Trigonotylus uhleri,NA,NA,NA,NA,NA,NA,NA
Finke and Denno 2002 ECOLOGY,Pardosa littoralis,Prokelisia dolus,NA,NA,NA,NA,NA,NA,NA
Finke and Denno 2002 ECOLOGY,Pardosa littoralis,Tytthus vagus,NA,NA,NA,NA,NA,NA,NA
Hardman and Turnbull 1974 J ANIM ECOL,Pardosa vancouveri,Drosophila melanogaster,NA,NA,NA,NA,NA,NA,NA
Provencher and Coderre 1987 ENVIRON ENTOMOL,Clubiona pikei,Rhopalosiphum padi,NA,NA,NA,NA,NA,NA,NA
Provencher and Coderre 1987 ENVIRON ENTOMOL,Clubiona pikei,Rhopalosiphum maidis,NA,NA,NA,NA,NA,NA,NA
Provencher and Coderre 1987 ENVIRON ENTOMOL,Tetragnatha laboriosa,Rhopalosiphum padi,NA,NA,NA,NA,NA,NA,NA
Provencher and Coderre 1987 ENVIRON ENTOMOL,Tetragnatha laboriosa,Rhopalosiphum maidis,NA,NA,NA,NA,NA,NA,NA
Pekar 2005 BIO CONTROL,Zodarion rubidum,Tetramorium caespitum,NA,NA,NA,NA,NA,NA,NA
Vucic-Pestic et al. 2010 PEDOBIO,Pardosa lugubris ,Heteromurus nitidus ,NA,NA,NA,NA,NA,NA,NA
Schmidt et al. 2014 OCEOL,Pardosa milvina,Acheta domesticus,NA,NA,NA,NA,NA,NA,NA
Khan 2013 The Bioscan,Pardosa altitudis,Brevicoryne brassicae ,NA,NA,NA,NA,NA,NA,NA
Khan 2013 The Bioscan,Leucauge celebesiana ,Brevicoryne brassicae ,NA,NA,NA,NA,NA,NA,NA
Khan 2013 The Bioscan,Neoscona rumpfi ,Brevicoryne brassicae ,NA,NA,NA,NA,NA,NA,NA
Khan 2013 The Bioscan,Theridion manjithar ,Brevicoryne brassicae ,NA,NA,NA,NA,NA,NA,NA
Monzo et al. 2008 BIOCONTROL,Pardosa cribata,Ceratitis capitata,NA,NA,NA,NA,NA,NA,NA
Monzo et al. 2008 BIOCONTROL,Pardosa cribata,Myzus persicae,NA,NA,NA,NA,NA,NA,NA
Palanichamy 1983 PROC INDIAN ACAD SCI,Cyrtophora cicatrosa ,Culex fatigans ,NA,NA,NA,NA,NA,NA,NA
Palanichamy 1983 PROC INDIAN ACAD SCI,Marpissa calcutaensis ,Culex fatigans ,NA,NA,NA,NA,NA,NA,NA
Buckel and Stoner 2000 J EXP MAR BIO ECOL,Pomatomus saltatrix,"Menidia menidia, Morone saxatilis",NA,NA,NA,NA,NA,NA,NA
Hassanpour et al 2010 INS SCI,Chrysoperla carnea,Helicoverpa armigera,NA,NA,NA,NA,NA,NA,NA
Parajulee 2006 ENVIRON ENTOMOL,Nabis capsiformis,Helicoverpa zea,NA,NA,NA,NA,NA,NA,NA
Parajulee 2006 ENVIRON ENTOMOL,Orius insidiosus,Helicoverpa zea,NA,NA,NA,NA,NA,NA,NA
Shrestha and Enkegaard 2013 J INS SCI,Chrysoperla carnea,Nasonovia ribisnigri,NA,NA,NA,NA,NA,NA,NA
Shrestha and Enkegaard 2013 J INS SCI,Chrysoperla carnea,Frankliniella occidentalis,NA,NA,NA,NA,NA,NA,NA
Khan 2012 ORYZA,Pardosa altitudis ,Oxya nitidula ,NA,NA,NA,NA,NA,NA,NA
Khan 2012 ORYZA,Tetragnatha maxillosa ,Oxya nitidula ,NA,NA,NA,NA,NA,NA,NA
Khan 2012 ORYZA,Neoscona mukherjei ,Oxya nitidula ,NA,NA,NA,NA,NA,NA,NA
Khan 2012 ORYZA,Theridion sp. ,Oxya nitidula ,NA,NA,NA,NA,NA,NA,NA
Hassell et al 1977 J OF ANIMAL ECOLOGY,Aphidius uzbeckistanicus,Hylopteroides humilis,NA,NA,NA,NA,NA,NA,NA
Hassell et al 1977 J OF ANIMAL ECOLOGY,Aphidius uzbeckistanicus,Metopolophium dirhodum,NA,NA,NA,NA,NA,NA,NA
Turnbull 1962 CANADIAN ENTOMOL,Linyphia triangularis,Drosophila melanogaster,NA,NA,NA,NA,NA,NA,NA
DeMott 1982 LIMNO OCEANO,Daphnia rosea ,Chlamydomonas reinhardi,NA,NA,NA,NA,NA,NA,NA
DeMott 1982 LIMNO OCEANO,Bosmina longirostris ,Chlamydomonas reinhardi,NA,NA,NA,NA,NA,NA,NA
Burns & Rigler 1967 LIMNO OCEANO,Daphnia rosea ,Rhodotorula glutinis,NA,NA,NA,NA,NA,NA,NA
Porter et al 1982 LIMNO OCEANO,Daphnia magna ,Chlamydomonas reinhardi ,NA,NA,NA,NA,NA,NA,NA
McMahon et al 1965 LIMNO OCEANO,Daphnia magna ,Escherichia coli ,NA,NA,NA,NA,NA,NA,NA
McMahon et al 1965 LIMNO OCEANO,Daphnia magna ,Chlorella vulgaris,NA,NA,NA,NA,NA,NA,NA
McMahon et al 1965 LIMNO OCEANO,Daphnia magna ,Saccharomyces cerevisiae,NA,NA,NA,NA,NA,NA,NA
McMahon et al 1965 LIMNO OCEANO,Daphnia magna ,Tetrahymena pyriformis,NA,NA,NA,NA,NA,NA,NA
McQueen 1968 J OF THE FISH RESEARCH BOARD OF CAN,Cyclops bicuspidatus thomasi,Cyclops bicuspidatus thomasi,NA,NA,NA,NA,NA,NA,NA
McQueen 1968 J OF THE FISH RESEARCH BOARD OF CAN,Cyclops bicuspidatus thomasi,Diaptomus oregonensis and Diaptomus hesperus,NA,NA,NA,NA,NA,NA,NA
McQueen 1968 J OF THE FISH RESEARCH BOARD OF CAN,Cyclops bicuspidatus thomasi,Ceriodaphnia sp.,NA,NA,NA,NA,NA,NA,NA
McQueen 1968 J OF THE FISH RESEARCH BOARD OF CAN,Cyclops bicuspidatus thomasi,Keratella cochlearis,NA,NA,NA,NA,NA,NA,NA
Rigler 1961 CANADIAN J OF ZOO,Daphnia magna ,Saccharomyces cerevisiae,NA,NA,NA,NA,NA,NA,NA
Ryther 1954 ECO,Daphnia magna ,Chlorella vulgaris,NA,NA,NA,NA,NA,NA,NA
Murdie & Hassell 1973 MATH THEORY DYNAMICS OF BIO POPS,Musca domestica,Sugar droplets,NA,NA,NA,NA,NA,NA,NA
Gotoh et al 2004 APPL ENTOMOL ZOOL,Amblyseius californicus,Tetranychus urticae,NA,NA,NA,NA,NA,NA,NA
Gotoh et al 2004 APPL ENTOMOL ZOOL,Scolothrips takahashii,Tetranychus urticae,NA,NA,NA,NA,NA,NA,NA
Losey and Denno 1998 ECOLOGY,Coccinella septempunctata and Harpalus pennsylvanicus,Acyrthosiphon pisum,NA,NA,NA,NA,NA,NA,NA
Kumar et al 2014 EUR J ENTOMOL,Coccinella transversalis and Coccinella septempunctata,Acyrthosiphon pisum,NA,NA,NA,NA,NA,NA,NA
Tenhumberg 1995 ENVIRON ENTOMOL,Episyrphus balteatus,"Sitobion avenae, Metopolophium dirhodum",NA,NA,NA,NA,NA,NA,NA
Quinn et al 2003 CAN J FISH AQUAT SCI,Ursus arctos,Oncorhynchus nerka,NA,NA,NA,NA,NA,NA,NA
Griffen and Delaney 2007 Ecology,Carcinus maenas,Mytilus edulis,NA,NA,NA,NA,NA,NA,NA
Griffen and Delaney 2007 Ecology,Hemigrapsus sanguineus,Mytilus edulis,NA,NA,NA,NA,NA,NA,NA
Taylor 1988 J ANIMAL ECO,Bracon hebetor,Anagasta kuehniella,NA,NA,NA,NA,NA,NA,NA
Taylor 1988 J ANIMAL ECO,Bracon hebetor,Plodia interpunctella,NA,NA,NA,NA,NA,NA,NA
Vucetich et al 2002 Ecology,Canis lupus ,Alces alces,NA,NA,NA,NA,NA,NA,NA
Hassell 1971 J ANIMAL ECO,Nemeritis canescens ,Ephestia cautella,NA,NA,NA,NA,NA,NA,NA
Chong 2006 BIO CONTROL,Anagyrus sp. nov. nr. sinope,Phenacoccus madeirensis,NA,NA,NA,NA,NA,NA,NA
Mills 2004 ECO ENTOMOL,Trichogramma minutum,Ephestia kuehniella,NA,NA,NA,NA,NA,NA,NA
Wasserman et al 2016 FUNCTIONAL ECOLOGY,"Lepomis macrochirus, Pseudocrenilabrus philander",Oreochromis mossambicus,NA,NA,NA,NA,NA,NA,NA
Wasserman et al 2016 FUNCTIONAL ECOLOGY,"Lepomis macrochirus,  Tilapia sparrmanii",Oreochromis mossambicus,NA,NA,NA,NA,NA,NA,NA
Wasserman et al 2016 FUNCTIONAL ECOLOGY,"Pseudocrenilabrus philander, Tilapia sparrmanii",Oreochromis mossambicus,NA,NA,NA,NA,NA,NA,NA
